date,driverId,constructorId,is_mover,is_rookie
1950-01-01,426,139,False,True
1950-01-01,498,103,False,True
1950-01-01,501,85 152,False,True
1950-01-01,509,158,False,True
1950-01-01,518,127,False,True
1950-01-01,520,155,False,True
1950-01-01,526,108,False,True
1950-01-01,529,111 148,False,True
1950-01-01,537,105,False,True
1950-01-01,555,136,False,True
1950-01-01,559,111,False,True
1950-01-01,579,49,False,True
1950-01-01,589,103,False,True
1950-01-01,593,111,False,True
1950-01-01,611,111,False,True
1950-01-01,615,111,False,True
1950-01-01,619,149,False,True
1950-01-01,626,139,False,True
1950-01-01,627,152,False,True
1950-01-01,630,111,False,True
1950-01-01,633,5,False,True
1950-01-01,640,103,False,True
1950-01-01,641,49,False,True
1950-01-01,642,49,False,True
1950-01-01,647,5,False,True
1950-01-01,653,114,False,True
1950-01-01,654,111,False,True
1950-01-01,658,111,False,True
1950-01-01,659,111,False,True
1950-01-01,660,152,False,True
1950-01-01,661,149,False,True
1950-01-01,666,149,False,True
1950-01-01,669,103,False,True
1950-01-01,677,103,False,True
1950-01-01,686,49 103,False,True
1950-01-01,687,5,False,True
1950-01-01,697,103 161,False,True
1950-01-01,701,148,False,True
1950-01-01,704,152,False,True
1950-01-01,726,108,False,True
1950-01-01,729,160,False,True
1950-01-01,731,103,False,True
1950-01-01,732,111,False,True
1950-01-01,740,103,False,True
1950-01-01,741,152,False,True
1950-01-01,747,103,False,True
1950-01-01,756,103,False,True
1950-01-01,762,103,False,True
1950-01-01,763,49,False,True
1950-01-01,764,152,False,True
1950-01-01,765,152,False,True
1950-01-01,766,117,False,True
1950-01-01,768,148,False,True
1950-01-01,770,111,False,True
1950-01-01,771,111,False,True
1950-01-01,772,111,False,True
1950-01-01,773,152,False,True
1950-01-01,774,152,False,True
1950-01-01,776,124,False,True
1950-01-01,778,103,False,True
1950-01-01,780,103,False,True
1950-01-01,784,103,False,True
1950-01-01,785,124,False,True
1950-01-01,786,49,False,True
1950-01-01,787,149,False,True
1950-01-01,788,103,False,True
1950-01-01,789,152,False,True
1950-01-01,790,149,False,True
1950-01-01,791,5,False,True
1950-01-01,792,103,False,True
1950-01-01,793,5 152,False,True
1950-01-01,794,111,False,True
1950-01-01,795,154,False,True
1950-01-01,796,156,False,True
1950-01-01,797,157,False,True
1950-01-01,798,159,False,True
1950-01-01,799,111,False,True
1950-01-01,800,103,False,True
1950-01-01,801,152,False,True
1950-01-01,802,5,False,True
1950-01-01,803,159,False,True
1951-01-01,426,139,False,False
1951-01-01,428,152,False,True
1951-01-01,448,137,False,True
1951-01-01,475,131,False,True
1951-01-01,498,5 152,True,False
1951-01-01,501,103,True,False
1951-01-01,518,148,True,False
1951-01-01,521,154,False,True
1951-01-01,526,111,True,False
1951-01-01,529,148,False,False
1951-01-01,534,111,False,True
1951-01-01,579,49,False,False
1951-01-01,580,103,False,True
1951-01-01,589,103 152,False,False
1951-01-01,593,111,False,False
1951-01-01,609,139,False,True
1951-01-01,611,111,False,False
1951-01-01,612,147,False,True
1951-01-01,615,111,False,False
1951-01-01,619,149,False,False
1951-01-01,622,5,False,True
1951-01-01,626,139,False,False
1951-01-01,627,152,False,False
1951-01-01,629,111,False,True
1951-01-01,630,132,True,False
1951-01-01,633,5,False,False
1951-01-01,640,49 103,False,False
1951-01-01,641,5,True,False
1951-01-01,642,49,False,False
1951-01-01,647,5,False,False
1951-01-01,653,133,True,False
1951-01-01,654,112,True,False
1951-01-01,657,109,False,True
1951-01-01,658,111,False,False
1951-01-01,660,152,False,False
1951-01-01,661,64,True,False
1951-01-01,669,103,False,False
1951-01-01,670,103,False,True
1951-01-01,673,111,False,True
1951-01-01,675,111,False,True
1951-01-01,680,152,False,True
1951-01-01,686,5 64,True,False
1951-01-01,687,5,False,False
1951-01-01,697,49,True,False
1951-01-01,699,111,False,True
1951-01-01,700,111,False,True
1951-01-01,704,152,False,False
1951-01-01,708,152,False,True
1951-01-01,721,142,False,True
1951-01-01,723,5,False,True
1951-01-01,725,131,False,True
1951-01-01,726,108,False,False
1951-01-01,728,105,False,True
1951-01-01,729,111,True,False
1951-01-01,731,117,True,False
1951-01-01,732,103,True,False
1951-01-01,733,111,False,True
1951-01-01,734,132,False,True
1951-01-01,741,152,False,False
1951-01-01,747,103,False,False
1951-01-01,756,49,True,False
1951-01-01,762,125,True,False
1951-01-01,763,49,False,False
1951-01-01,764,152,False,False
1951-01-01,765,152,False,False
1951-01-01,766,111,True,False
1951-01-01,767,111,False,True
1951-01-01,768,148,False,False
1951-01-01,769,153,False,True
1951-01-01,770,111,False,False
1951-01-01,771,111,False,False
1951-01-01,772,148,True,False
1951-01-01,773,152,False,False
1951-01-01,774,152,False,False
1951-01-01,775,139,False,True
1951-01-01,776,124,False,False
1951-01-01,777,103,False,True
1951-01-01,778,149,True,False
1951-01-01,779,103,False,True
1951-01-01,780,103,False,False
1951-01-01,781,64,False,True
1951-01-01,782,103,False,True
1951-01-01,783,152,False,True
1951-01-01,786,49,False,False
1952-01-01,426,126 139,False,False
1952-01-01,448,111,True,False
1952-01-01,456,5,False,True
1952-01-01,475,123 131 149,False,False
1952-01-01,498,103,True,False
1952-01-01,501,103,False,False
1952-01-01,509,111,True,False
1952-01-01,513,109,False,True
1952-01-01,518,108,True,False
1952-01-01,520,111,True,False
1952-01-01,521,111,True,False
1952-01-01,525,111,False,True
1952-01-01,526,112,True,False
1952-01-01,529,148,False,False
1952-01-01,554,126,False,True
1952-01-01,578,85,False,True
1952-01-01,581,131,False,True
1952-01-01,592,111,False,True
1952-01-01,593,111,False,False
1952-01-01,609,5,True,False
1952-01-01,611,111,False,False
1952-01-01,612,111,True,False
1952-01-01,615,111,False,False
1952-01-01,622,103,True,False
1952-01-01,625,125,False,True
1952-01-01,626,126,True,False
1952-01-01,627,5,True,False
1952-01-01,628,111,False,True
1952-01-01,629,111,False,False
1952-01-01,632,131 139,False,True
1952-01-01,633,5,False,False
1952-01-01,640,103,True,False
1952-01-01,641,5,False,False
1952-01-01,642,5,True,False
1952-01-01,647,5,False,False
1952-01-01,651,131,False,True
1952-01-01,656,111,False,True
1952-01-01,657,111,True,False
1952-01-01,658,111,False,False
1952-01-01,660,126 131 139,True,False
1952-01-01,663,85 146,False,True
1952-01-01,664,123,False,True
1952-01-01,669,126 139,True,False
1952-01-01,675,108,True,False
1952-01-01,677,137,True,False
1952-01-01,686,85,True,False
1952-01-01,687,5 124,False,False
1952-01-01,688,85,False,True
1952-01-01,689,85,False,True
1952-01-01,692,142,False,True
1952-01-01,697,103,True,False
1952-01-01,699,111,False,False
1952-01-01,702,111,False,True
1952-01-01,703,142,False,True
1952-01-01,704,131,True,False
1952-01-01,705,146,False,True
1952-01-01,708,131,True,False
1952-01-01,709,143,False,True
1952-01-01,710,143,False,True
1952-01-01,712,145,False,True
1952-01-01,715,143,False,True
1952-01-01,717,5 145,False,True
1952-01-01,720,139,False,True
1952-01-01,721,5,True,False
1952-01-01,722,5,False,True
1952-01-01,723,5,False,False
1952-01-01,724,142,False,True
1952-01-01,725,131,False,False
1952-01-01,726,111,True,False
1952-01-01,727,105,False,True
1952-01-01,728,111,True,False
1952-01-01,729,127,True,False
1952-01-01,730,147,False,True
1952-01-01,731,108,True,False
1952-01-01,732,111,True,False
1952-01-01,733,111,False,False
1952-01-01,734,127,True,False
1952-01-01,735,5,False,True
1952-01-01,736,5 131,False,True
1952-01-01,737,139,False,True
1952-01-01,738,131,False,True
1952-01-01,739,150,False,True
1952-01-01,740,5,True,False
1952-01-01,741,103,True,False
1952-01-01,742,123,False,True
1952-01-01,743,123,False,True
1952-01-01,744,123,False,True
1952-01-01,745,124,False,True
1952-01-01,746,103,False,True
1952-01-01,747,85,True,False
1952-01-01,748,103,False,True
1952-01-01,749,150,False,True
1952-01-01,750,142,False,True
1952-01-01,751,142,False,True
1952-01-01,752,145,False,True
1952-01-01,753,142,False,True
1952-01-01,754,143,False,True
1952-01-01,755,5,False,True
1952-01-01,756,142,True,False
1952-01-01,757,142,False,True
1952-01-01,758,131,False,True
1952-01-01,759,103,False,True
1952-01-01,760,151,False,True
1952-01-01,761,103,False,True
1952-01-01,762,103,True,False
1953-01-01,426,126,False,False
1953-01-01,428,123,True,False
1953-01-01,430,144,False,True
1953-01-01,448,111,False,False
1953-01-01,455,142,False,True
1953-01-01,456,123,True,False
1953-01-01,475,85 123,False,False
1953-01-01,478,142,False,True
1953-01-01,486,123 131,False,True
1953-01-01,496,126,False,True
1953-01-01,498,103,False,False
1953-01-01,501,126,True,False
1953-01-01,509,111,False,False
1953-01-01,512,111 141,False,True
1953-01-01,513,111,True,False
1953-01-01,518,108 111,False,False
1953-01-01,520,111 112,False,False
1953-01-01,521,111 112,False,False
1953-01-01,525,132,True,False
1953-01-01,528,105,False,True
1953-01-01,529,112,True,False
1953-01-01,554,126,False,False
1953-01-01,555,111,True,False
1953-01-01,556,111,False,True
1953-01-01,559,112,True,False
1953-01-01,577,103,False,True
1953-01-01,578,5,True,False
1953-01-01,579,103,True,False
1953-01-01,581,131,False,False
1953-01-01,589,125,True,False
1953-01-01,593,111,False,False
1953-01-01,611,111,False,False
1953-01-01,612,111 127,False,False
1953-01-01,613,111,False,True
1953-01-01,615,111,False,False
1953-01-01,619,85,True,False
1953-01-01,620,5,False,True
1953-01-01,622,103,False,False
1953-01-01,625,125,False,False
1953-01-01,626,126,False,False
1953-01-01,627,5,False,False
1953-01-01,628,112,True,False
1953-01-01,630,111,True,False
1953-01-01,632,131,True,False
1953-01-01,633,5,False,False
1953-01-01,640,103,False,False
1953-01-01,642,5,False,False
1953-01-01,643,126,False,True
1953-01-01,644,103,False,True
1953-01-01,647,5,False,False
1953-01-01,649,139,False,True
1953-01-01,651,131,False,False
1953-01-01,653,111,True,False
1953-01-01,654,111,True,False
1953-01-01,655,111,False,True
1953-01-01,656,111,False,False
1953-01-01,657,111,False,False
1953-01-01,658,111,False,False
1953-01-01,659,111,False,False
1953-01-01,660,103 123,True,False
1953-01-01,663,85,False,False
1953-01-01,664,123,False,False
1953-01-01,666,123,True,False
1953-01-01,667,131,False,True
1953-01-01,669,103 123,True,False
1953-01-01,670,103,False,False
1953-01-01,673,140,True,False
1953-01-01,675,112,True,False
1953-01-01,677,111,True,False
1953-01-01,679,127,False,True
1953-01-01,680,5,True,False
1953-01-01,681,139,False,True
1953-01-01,687,85,True,False
1953-01-01,689,85,False,False
1953-01-01,690,85,False,True
1953-01-01,691,103,False,True
1953-01-01,692,142,False,False
1953-01-01,693,126,False,True
1953-01-01,695,103,False,True
1953-01-01,696,85,False,True
1953-01-01,697,103,False,False
1953-01-01,698,85,False,True
1953-01-01,699,111,False,False
1953-01-01,700,111,False,False
1953-01-01,701,111,True,False
1953-01-01,702,111 137,False,False
1953-01-01,703,142,False,False
1953-01-01,704,131,False,False
1953-01-01,705,85,True,False
1953-01-01,706,85,False,True
1953-01-01,707,123,False,True
1953-01-01,708,131,False,False
1953-01-01,709,143,False,False
1953-01-01,710,143,False,False
1953-01-01,711,142,False,True
1953-01-01,712,142,True,False
1953-01-01,713,145,False,True
1953-01-01,714,5,False,True
1953-01-01,715,145,True,False
1953-01-01,716,142,False,True
1953-01-01,717,145,True,False
1953-01-01,718,142,False,True
1953-01-01,719,131,False,True
1953-01-01,720,5,True,False
1953-01-01,721,5,False,False
1953-01-01,722,5,False,False
1953-01-01,797,111,True,False
1953-01-01,804,111,False,True
1954-01-01,426,5,True,False
1954-01-01,428,126,True,False
1954-01-01,448,133,True,False
1954-01-01,456,103,True,False
1954-01-01,475,103,True,False
1954-01-01,478,129,True,False
1954-01-01,496,103,True,False
1954-01-01,498,5,True,False
1954-01-01,501,103,True,False
1954-01-01,509,111,False,False
1954-01-01,512,136,True,False
1954-01-01,513,133,True,False
1954-01-01,518,111,False,False
1954-01-01,519,111,False,True
1954-01-01,520,111,True,False
1954-01-01,521,112,True,False
1954-01-01,525,112,True,False
1954-01-01,526,111,True,False
1954-01-01,528,107,True,False
1954-01-01,529,111,True,False
1954-01-01,541,103,False,True
1954-01-01,547,85,False,True
1954-01-01,554,126,False,False
1954-01-01,555,111,False,False
1954-01-01,556,111 136,False,False
1954-01-01,559,111,True,False
1954-01-01,577,103,False,False
1954-01-01,578,5,False,False
1954-01-01,579,103 129,False,False
1954-01-01,580,103,False,False
1954-01-01,581,116,True,False
1954-01-01,592,134,True,False
1954-01-01,593,111,False,False
1954-01-01,596,127,False,True
1954-01-01,597,111,False,True
1954-01-01,611,111,False,False
1954-01-01,612,111 132 136,False,False
1954-01-01,613,111,False,False
1954-01-01,615,111,False,False
1954-01-01,619,85,False,False
1954-01-01,620,5,False,False
1954-01-01,625,126,True,False
1954-01-01,626,5,True,False
1954-01-01,627,5 103,False,False
1954-01-01,628,111,True,False
1954-01-01,632,126,True,False
1954-01-01,633,103 130,True,False
1954-01-01,638,103,False,True
1954-01-01,640,103,False,False
1954-01-01,641,5,False,False
1954-01-01,642,5,False,False
1954-01-01,643,103,True,False
1954-01-01,644,103,False,False
1954-01-01,645,126,False,True
1954-01-01,647,5 103 130,False,False
1954-01-01,648,129,False,True
1954-01-01,650,126,False,True
1954-01-01,651,131,False,False
1954-01-01,653,111,False,False
1954-01-01,654,112,True,False
1954-01-01,655,127,True,False
1954-01-01,656,111,False,False
1954-01-01,657,111,False,False
1954-01-01,658,111,False,False
1954-01-01,659,111,False,False
1954-01-01,663,103,True,False
1954-01-01,665,123,False,True
1954-01-01,669,103,False,False
1954-01-01,670,103,False,False
1954-01-01,671,126,False,True
1954-01-01,672,103,False,True
1954-01-01,673,111,True,False
1954-01-01,674,111,False,True
1954-01-01,675,112,False,False
1954-01-01,676,111,False,True
1954-01-01,677,137,True,False
1954-01-01,678,132,False,True
1954-01-01,679,111,True,False
1954-01-01,680,5,False,False
1954-01-01,681,126,True,False
1954-01-01,682,123,False,True
1954-01-01,683,123,False,True
1954-01-01,684,123,False,True
1954-01-01,685,123,False,True
1954-01-01,686,5,True,False
1954-01-01,687,85,False,False
1954-01-01,688,85,False,False
1954-01-01,689,85,False,False
1954-01-01,690,85,False,False
1954-01-01,691,129,True,False
1954-01-01,692,138,True,False
1954-01-01,693,126,False,False
1954-01-01,694,103,False,True
1954-01-01,702,127 132,True,False
1954-01-01,730,111 132,True,False
1954-01-01,799,111,False,False
1954-01-01,805,137,False,True
1955-01-01,355,85,False,True
1955-01-01,426,5,False,False
1955-01-01,448,112,True,False
1955-01-01,456,103,False,False
1955-01-01,475,129,True,False
1955-01-01,478,129,False,False
1955-01-01,486,123,False,False
1955-01-01,496,103,False,False
1955-01-01,498,5,False,False
1955-01-01,501,5 103 116,False,False
1955-01-01,509,106,True,False
1955-01-01,512,112,True,False
1955-01-01,513,109,True,False
1955-01-01,518,112,True,False
1955-01-01,519,111,False,False
1955-01-01,523,109,False,True
1955-01-01,525,112,False,False
1955-01-01,528,107,False,False
1955-01-01,529,111,False,False
1955-01-01,532,133,False,True
1955-01-01,533,111,False,True
1955-01-01,538,111,False,True
1955-01-01,547,103,True,False
1955-01-01,554,103,True,False
1955-01-01,555,111,False,False
1955-01-01,556,111,False,False
1955-01-01,558,111,False,True
1955-01-01,559,111,False,False
1955-01-01,561,111,False,True
1955-01-01,563,111,False,True
1955-01-01,577,103,False,False
1955-01-01,578,5 116,False,False
1955-01-01,579,129,False,False
1955-01-01,581,103,True,False
1955-01-01,586,135,False,True
1955-01-01,589,130,True,False
1955-01-01,592,134,False,False
1955-01-01,593,111,False,False
1955-01-01,596,111,True,False
1955-01-01,597,111,False,False
1955-01-01,607,103,False,True
1955-01-01,608,5 130,False,True
1955-01-01,609,103 129,True,False
1955-01-01,611,111,False,False
1955-01-01,612,111,False,False
1955-01-01,615,111,False,False
1955-01-01,620,5,False,False
1955-01-01,623,103,False,True
1955-01-01,624,126,False,True
1955-01-01,625,126,False,False
1955-01-01,626,126,True,False
1955-01-01,627,103,False,False
1955-01-01,628,111,False,False
1955-01-01,631,132,False,True
1955-01-01,632,5,True,False
1955-01-01,633,5 130,False,False
1955-01-01,641,5 129,False,False
1955-01-01,642,5,False,False
1955-01-01,643,103,False,False
1955-01-01,644,103,False,False
1955-01-01,645,103,True,False
1955-01-01,646,126,False,True
1955-01-01,647,130,False,False
1955-01-01,648,129,False,False
1955-01-01,649,126,True,False
1955-01-01,650,126,False,False
1955-01-01,651,103,True,False
1955-01-01,652,131,False,True
1955-01-01,653,111,False,False
1955-01-01,654,111,True,False
1955-01-01,655,111,True,False
1955-01-01,656,111,False,False
1955-01-01,657,111,False,False
1955-01-01,658,111,False,False
1955-01-01,659,127,True,False
1955-01-01,660,5 103,True,False
1955-01-01,661,103 123,True,False
1955-01-01,662,126,False,True
1955-01-01,663,116,True,False
1955-01-01,664,123,False,False
1955-01-01,665,123,False,False
1955-01-01,666,123,False,False
1955-01-01,667,103,True,False
1955-01-01,668,126,False,True
1956-01-01,346,103,False,True
1956-01-01,355,103,True,False
1956-01-01,426,116 128,True,False
1956-01-01,428,5 126,False,False
1956-01-01,448,111,True,False
1956-01-01,456,103,False,False
1956-01-01,475,103,True,False
1956-01-01,476,5,False,True
1956-01-01,479,64,False,True
1956-01-01,482,5,False,True
1956-01-01,483,5,False,True
1956-01-01,486,123,False,False
1956-01-01,496,103,False,False
1956-01-01,498,103 116,True,False
1956-01-01,501,103 116,False,False
1956-01-01,506,103,False,True
1956-01-01,509,111,True,False
1956-01-01,512,112,False,False
1956-01-01,513,112,True,False
1956-01-01,514,111,False,True
1956-01-01,516,111,False,True
1956-01-01,520,112,True,False
1956-01-01,525,112,False,False
1956-01-01,526,111,False,False
1956-01-01,528,107,False,False
1956-01-01,529,111,False,False
1956-01-01,532,111,True,False
1956-01-01,533,111,False,False
1956-01-01,537,111,True,False
1956-01-01,538,111,False,False
1956-01-01,541,64 123,True,False
1956-01-01,547,103,False,False
1956-01-01,554,103,False,False
1956-01-01,555,111,False,False
1956-01-01,556,111,False,False
1956-01-01,558,111,False,False
1956-01-01,559,105,True,False
1956-01-01,561,111,False,False
1956-01-01,562,111,False,True
1956-01-01,577,5,True,False
1956-01-01,578,64 103 116,True,False
1956-01-01,579,5,True,False
1956-01-01,580,103,False,False
1956-01-01,581,5,True,False
1956-01-01,583,103,False,True
1956-01-01,585,97,False,True
1956-01-01,586,103,True,False
1956-01-01,589,103,True,False
1956-01-01,592,108,True,False
1956-01-01,593,111,False,False
1956-01-01,594,111,False,True
1956-01-01,595,112,False,True
1956-01-01,596,111,False,False
1956-01-01,597,111,False,False
1956-01-01,606,5,False,True
1956-01-01,607,103,False,False
1956-01-01,608,5,False,False
1956-01-01,609,103 126,False,False
1956-01-01,610,123,False,True
1956-01-01,611,111,False,False
1956-01-01,612,111,False,False
1956-01-01,615,111,False,False
1956-01-01,619,85,False,False
1956-01-01,620,103,True,False
1956-01-01,622,103,False,False
1956-01-01,623,103,False,False
1956-01-01,624,103 126,False,False
1956-01-01,625,126,False,False
1956-01-01,626,126,False,False
1956-01-01,627,103,False,False
1956-01-01,628,112,True,False
1956-01-01,629,127,True,False
1956-01-01,630,111,False,False
1956-01-01,631,111,True,False
1956-01-01,632,5,False,False
1956-01-01,633,103,True,False
1956-01-01,634,123,False,True
1956-01-01,635,116,False,True
1956-01-01,636,123,False,True
1956-01-01,637,123,False,True
1956-01-01,638,103,False,False
1956-01-01,639,126,False,True
1956-01-01,640,103,False,False
1956-01-01,641,116,True,False
1956-01-01,806,103,False,True
1957-01-01,346,103,False,False
1957-01-01,355,85,True,False
1957-01-01,417,103,False,True
1957-01-01,426,5,True,False
1957-01-01,429,93,False,True
1957-01-01,430,93,True,False
1957-01-01,448,108,True,False
1957-01-01,456,64 85 116,True,False
1957-01-01,459,85,False,True
1957-01-01,475,103 116,False,False
1957-01-01,476,5,False,False
1957-01-01,478,103,True,False
1957-01-01,479,116,True,False
1957-01-01,483,103,True,False
1957-01-01,484,85,False,True
1957-01-01,486,64,True,False
1957-01-01,496,103,False,False
1957-01-01,498,5,True,False
1957-01-01,501,103,True,False
1957-01-01,506,103,False,False
1957-01-01,509,106,True,False
1957-01-01,512,112,False,False
1957-01-01,513,111,True,False
1957-01-01,514,107,True,False
1957-01-01,516,111,False,False
1957-01-01,520,108,True,False
1957-01-01,525,112,False,False
1957-01-01,526,105,True,False
1957-01-01,527,112,False,True
1957-01-01,528,111,True,False
1957-01-01,529,111,False,False
1957-01-01,532,111,False,False
1957-01-01,533,111,False,False
1957-01-01,538,118,True,False
1957-01-01,541,64,True,False
1957-01-01,547,103,False,False
1957-01-01,549,103 123,False,True
1957-01-01,554,103,False,False
1957-01-01,555,111,False,False
1957-01-01,556,111,False,False
1957-01-01,558,111,False,False
1957-01-01,560,111,False,True
1957-01-01,562,111,False,False
1957-01-01,563,112,True,False
1957-01-01,565,111,False,True
1957-01-01,573,5,False,True
1957-01-01,577,5,False,False
1957-01-01,578,5,True,False
1957-01-01,579,103,True,False
1957-01-01,580,103,False,False
1957-01-01,581,5,False,False
1957-01-01,586,103,False,False
1957-01-01,590,116 123,False,True
1957-01-01,592,111,True,False
1957-01-01,593,111,False,False
1957-01-01,594,111,False,False
1957-01-01,596,111,False,False
1957-01-01,597,111,False,False
1957-01-01,601,85,False,True
1957-01-01,606,5,False,False
1957-01-01,607,5,True,False
1957-01-01,608,5,False,False
1957-01-01,609,103,True,False
1957-01-01,610,64 85,True,False
1957-01-01,611,106,True,False
1957-01-01,612,111,False,False
1957-01-01,613,111,False,False
1957-01-01,614,111,False,True
1957-01-01,615,111,False,False
1957-01-01,616,111,False,True
1957-01-01,617,85,False,True
1957-01-01,618,64,False,True
1957-01-01,619,85,False,False
1957-01-01,620,93,True,False
1957-01-01,621,85,False,True
1957-01-01,638,103,False,False
1958-01-01,288,31,False,True
1958-01-01,346,64 103,False,False
1958-01-01,355,85,False,False
1958-01-01,359,85,False,True
1958-01-01,402,5 103,False,True
1958-01-01,417,103,False,False
1958-01-01,426,64 85 103,True,False
1958-01-01,429,93,False,False
1958-01-01,430,93,False,False
1958-01-01,436,85,False,True
1958-01-01,448,108,False,False
1958-01-01,455,85 103,True,False
1958-01-01,456,85,False,False
1958-01-01,459,85,False,False
1958-01-01,475,85 116,False,False
1958-01-01,476,5,False,False
1958-01-01,477,31 103,False,True
1958-01-01,478,103,False,False
1958-01-01,479,116,False,False
1958-01-01,482,5,False,False
1958-01-01,483,103,False,False
1958-01-01,484,85,False,False
1958-01-01,486,85 123,True,False
1958-01-01,496,103,False,False
1958-01-01,501,64 103,False,False
1958-01-01,502,31,False,True
1958-01-01,509,106,False,False
1958-01-01,510,111,False,True
1958-01-01,512,111,True,False
1958-01-01,513,111,False,False
1958-01-01,514,111,True,False
1958-01-01,516,111,False,False
1958-01-01,523,111,True,False
1958-01-01,525,106,True,False
1958-01-01,526,103,True,False
1958-01-01,527,112,False,False
1958-01-01,528,107,True,False
1958-01-01,529,106,True,False
1958-01-01,531,112,False,True
1958-01-01,533,111,False,False
1958-01-01,536,111,False,True
1958-01-01,537,105,True,False
1958-01-01,539,112,False,True
1958-01-01,541,64 85,False,False
1958-01-01,543,103 125,False,True
1958-01-01,547,103,False,False
1958-01-01,549,31 123,True,False
1958-01-01,551,103,False,True
1958-01-01,553,103,False,True
1958-01-01,554,64 103,False,False
1958-01-01,555,111,False,False
1958-01-01,558,111,False,False
1958-01-01,560,111,False,False
1958-01-01,562,108,True,False
1958-01-01,563,118,True,False
1958-01-01,564,105,False,True
1958-01-01,565,111,False,False
1958-01-01,566,103,False,True
1958-01-01,577,5,False,False
1958-01-01,578,5,False,False
1958-01-01,579,103,False,False
1958-01-01,580,103,False,False
1958-01-01,581,5,False,False
1958-01-01,582,103,False,True
1958-01-01,583,103,False,False
1958-01-01,584,123,False,True
1958-01-01,585,123,True,False
1958-01-01,586,125,True,False
1958-01-01,587,123,False,True
1958-01-01,588,103,False,True
1958-01-01,589,103,False,False
1958-01-01,590,116,False,False
1958-01-01,591,106,False,True
1958-01-01,592,105,True,False
1958-01-01,593,111,False,False
1958-01-01,594,112,True,False
1958-01-01,595,111,True,False
1958-01-01,596,105,True,False
1958-01-01,597,111,False,False
1958-01-01,598,111,False,True
1958-01-01,599,112,False,True
1958-01-01,600,85,False,True
1958-01-01,601,85,False,False
1958-01-01,602,85,False,True
1958-01-01,603,85,False,True
1958-01-01,604,85,False,True
1958-01-01,605,85,False,True
1959-01-01,288,31,False,False
1959-01-01,346,64,False,False
1959-01-01,352,31,False,True
1959-01-01,355,167,True,False
1959-01-01,359,167,True,False
1959-01-01,363,5,False,True
1959-01-01,375,167,False,True
1959-01-01,386,121,False,True
1959-01-01,400,167,False,True
1959-01-01,402,5,False,False
1959-01-01,403,31,False,True
1959-01-01,417,167,True,False
1959-01-01,426,167,True,False
1959-01-01,429,93 103,False,False
1959-01-01,431,163,False,True
1959-01-01,436,163,True,False
1959-01-01,440,167,False,True
1959-01-01,448,105 111,True,False
1959-01-01,456,115 163,True,False
1959-01-01,462,163,False,True
1959-01-01,465,167,False,True
1959-01-01,475,64 167,True,False
1959-01-01,476,5 93,False,False
1959-01-01,477,5,True,False
1959-01-01,478,64 163,True,False
1959-01-01,479,5 116,False,False
1959-01-01,481,167,False,True
1959-01-01,482,5,False,False
1959-01-01,483,103 167,False,False
1959-01-01,484,99,True,False
1959-01-01,486,163 167,True,False
1959-01-01,501,64 167,False,False
1959-01-01,502,31,False,False
1959-01-01,505,166,False,True
1959-01-01,506,31,True,False
1959-01-01,509,105,True,False
1959-01-01,510,106,True,False
1959-01-01,511,107,False,True
1959-01-01,512,108,True,False
1959-01-01,513,111,False,False
1959-01-01,514,117,True,False
1959-01-01,516,111,False,False
1959-01-01,517,111,False,True
1959-01-01,518,111,True,False
1959-01-01,520,112,True,False
1959-01-01,522,111,False,True
1959-01-01,525,106,False,False
1959-01-01,527,112,False,False
1959-01-01,528,111,True,False
1959-01-01,529,106,False,False
1959-01-01,531,112,False,False
1959-01-01,533,106,True,False
1959-01-01,535,111,False,True
1959-01-01,536,108,True,False
1959-01-01,537,105,False,False
1959-01-01,538,118,False,False
1959-01-01,540,167,False,True
1959-01-01,541,64,False,False
1959-01-01,542,31,False,True
1959-01-01,543,103,False,False
1959-01-01,549,166 167,True,False
1959-01-01,550,167,False,True
1959-01-01,551,93,True,False
1959-01-01,552,167,False,True
1959-01-01,553,103,False,False
1959-01-01,554,5,True,False
1959-01-01,555,111,False,False
1959-01-01,556,111,False,False
1959-01-01,557,111,False,True
1959-01-01,558,112,True,False
1959-01-01,559,105,False,False
1959-01-01,560,112,True,False
1959-01-01,561,119,True,False
1959-01-01,562,113,True,False
1959-01-01,563,111,True,False
1959-01-01,564,111,True,False
1959-01-01,565,120,True,False
1959-01-01,566,115,True,False
1959-01-01,567,103 122,False,True
1959-01-01,568,103,False,True
1959-01-01,569,167,False,True
1959-01-01,570,167,False,True
1959-01-01,571,31,False,True
1959-01-01,572,93,False,True
1959-01-01,573,165,True,False
1959-01-01,574,166,False,True
1959-01-01,575,123,False,True
1959-01-01,576,103,False,True
1960-01-01,288,64,True,False
1960-01-01,340,31,False,True
1960-01-01,346,64,False,False
1960-01-01,352,168,True,False
1960-01-01,355,167,False,False
1960-01-01,359,167,False,False
1960-01-01,363,64,True,False
1960-01-01,372,31,False,True
1960-01-01,375,167,False,False
1960-01-01,385,5 104,False,True
1960-01-01,397,167,False,True
1960-01-01,402,5 167,False,False
1960-01-01,403,31,False,False
1960-01-01,417,102 163,True,False
1960-01-01,426,115 163 167,False,False
1960-01-01,429,167,True,False
1960-01-01,430,93,False,False
1960-01-01,431,163,False,False
1960-01-01,434,5,False,True
1960-01-01,436,163,False,False
1960-01-01,438,103,False,True
1960-01-01,439,31,False,True
1960-01-01,448,105,True,False
1960-01-01,455,167,True,False
1960-01-01,456,115 167,True,False
1960-01-01,465,163,True,False
1960-01-01,475,31 167,False,False
1960-01-01,476,5 163,False,False
1960-01-01,477,5,False,False
1960-01-01,478,93,True,False
1960-01-01,479,116 167,True,False
1960-01-01,481,167,False,False
1960-01-01,482,167,True,False
1960-01-01,483,103 163 168,True,False
1960-01-01,484,99 163,False,False
1960-01-01,486,167,True,False
1960-01-01,491,163,False,True
1960-01-01,494,105,False,True
1960-01-01,496,163,True,False
1960-01-01,497,31,False,True
1960-01-01,498,5,False,False
1960-01-01,499,163,False,True
1960-01-01,500,103 168,False,True
1960-01-01,501,167,False,False
1960-01-01,502,31,False,False
1960-01-01,503,103,False,True
1960-01-01,504,103,False,True
1960-01-01,505,167,True,False
1960-01-01,506,167,True,False
1960-01-01,507,104 167,False,True
1960-01-01,508,104 167,False,True
1960-01-01,509,105,False,False
1960-01-01,510,106,False,False
1960-01-01,511,107,False,False
1960-01-01,512,108,False,False
1960-01-01,513,109,True,False
1960-01-01,514,110,True,False
1960-01-01,515,109,False,True
1960-01-01,516,111,False,False
1960-01-01,517,106,True,False
1960-01-01,518,112,True,False
1960-01-01,519,112,True,False
1960-01-01,520,111,True,False
1960-01-01,521,105,True,False
1960-01-01,522,110,True,False
1960-01-01,523,111,False,False
1960-01-01,524,113,False,True
1960-01-01,525,106,False,False
1960-01-01,526,105,True,False
1960-01-01,527,114,True,False
1960-01-01,528,111,False,False
1960-01-01,529,105,True,False
1960-01-01,530,106,False,True
1960-01-01,531,111,True,False
1960-01-01,532,111,False,False
1960-01-01,533,106,False,False
1960-01-01,534,111,False,False
1960-01-01,535,106,True,False
1960-01-01,536,105,True,False
1960-01-01,537,105,False,False
1960-01-01,538,114,True,False
1960-01-01,539,111,True,False
1960-01-01,540,31,True,False
1960-01-01,541,31 167,True,False
1960-01-01,542,31,False,False
1960-01-01,543,168,True,False
1960-01-01,544,167,False,True
1960-01-01,545,102,False,True
1960-01-01,546,167,False,True
1960-01-01,547,103,False,False
1960-01-01,548,103,False,True
1961-01-01,288,64,False,False
1961-01-01,340,167,True,False
1961-01-01,346,93,True,False
1961-01-01,355,167,False,False
1961-01-01,359,167,False,False
1961-01-01,363,93,True,False
1961-01-01,372,169,True,False
1961-01-01,375,97 169,True,False
1961-01-01,384,163,False,True
1961-01-01,385,5,False,False
1961-01-01,393,5,False,True
1961-01-01,400,169,True,False
1961-01-01,402,5,True,False
1961-01-01,403,169,True,False
1961-01-01,407,169,False,True
1961-01-01,417,167 169,True,False
1961-01-01,423,172,False,True
1961-01-01,424,172,False,True
1961-01-01,426,163,False,False
1961-01-01,427,167,False,True
1961-01-01,428,97,True,False
1961-01-01,429,93,True,False
1961-01-01,430,93,False,False
1961-01-01,432,167,False,True
1961-01-01,433,167,False,True
1961-01-01,434,5 169,False,False
1961-01-01,435,167,False,True
1961-01-01,436,167 169,True,False
1961-01-01,439,169,True,False
1961-01-01,440,169,True,False
1961-01-01,443,171,False,True
1961-01-01,446,170,False,True
1961-01-01,453,167,False,True
1961-01-01,454,5,False,True
1961-01-01,455,169,True,False
1961-01-01,456,167,False,False
1961-01-01,459,169,True,False
1961-01-01,460,169,False,True
1961-01-01,465,95,True,False
1961-01-01,467,169,False,True
1961-01-01,468,167,False,True
1961-01-01,475,100 169,True,False
1961-01-01,476,5,True,False
1961-01-01,477,169,True,False
1961-01-01,478,93,False,False
1961-01-01,479,64,True,False
1961-01-01,480,169,False,True
1961-01-01,481,169,True,False
1961-01-01,482,5 97 169,True,False
1961-01-01,483,171,True,False
1961-01-01,484,99,True,False
1961-01-01,485,169,False,True
1961-01-01,486,100 167,False,False
1961-01-01,487,163,False,True
1961-01-01,488,101,False,True
1961-01-01,489,163 167,False,True
1961-01-01,490,167,False,True
1961-01-01,491,167,True,False
1961-01-01,492,167,False,True
1961-01-01,493,169,False,True
1961-01-01,494,169,True,False
1961-01-01,495,169,False,True
1962-01-01,288,64,False,False
1962-01-01,339,167,False,True
1962-01-01,340,25,True,False
1962-01-01,345,169 173,False,True
1962-01-01,346,93,False,False
1962-01-01,355,33 169,True,False
1962-01-01,359,167,False,False
1962-01-01,363,93 173,False,False
1962-01-01,367,169,False,True
1962-01-01,372,169,False,False
1962-01-01,375,98 169,False,False
1962-01-01,384,5,True,False
1962-01-01,385,64,True,False
1962-01-01,393,5,False,False
1962-01-01,396,31,False,True
1962-01-01,400,169,False,False
1962-01-01,402,5,False,False
1962-01-01,403,169,False,False
1962-01-01,407,167,True,False
1962-01-01,409,169,False,True
1962-01-01,410,87,False,True
1962-01-01,412,169,False,True
1962-01-01,417,169 173,False,False
1962-01-01,423,172,False,False
1962-01-01,424,93 169,True,False
1962-01-01,426,169,True,False
1962-01-01,427,167,False,False
1962-01-01,429,93,False,False
1962-01-01,433,167,False,False
1962-01-01,434,5,False,False
1962-01-01,435,97 169,True,False
1962-01-01,436,167,False,False
1962-01-01,437,97,False,True
1962-01-01,438,84,True,False
1962-01-01,439,169,False,False
1962-01-01,441,174,False,True
1962-01-01,443,171,False,False
1962-01-01,444,173,False,True
1962-01-01,445,169,False,True
1962-01-01,453,64 85 167,False,False
1962-01-01,454,5,False,False
1962-01-01,455,97 173,True,False
1962-01-01,456,25,True,False
1962-01-01,457,93,False,True
1962-01-01,458,93,False,True
1962-01-01,459,64,True,False
1962-01-01,460,64 169,False,False
1962-01-01,461,93 173,False,True
1962-01-01,462,93,True,False
1962-01-01,463,169,False,True
1962-01-01,464,169 173,False,True
1962-01-01,465,95 169,False,False
1962-01-01,466,93,False,True
1962-01-01,467,169,False,False
1962-01-01,468,169,True,False
1962-01-01,469,169,False,True
1962-01-01,470,167,False,True
1962-01-01,471,64,False,True
1962-01-01,472,175,False,True
1962-01-01,473,169,False,True
1962-01-01,474,169,False,True
1963-01-01,277,25 173,False,True
1963-01-01,288,64,False,False
1963-01-01,304,25 169,False,True
1963-01-01,309,173,False,True
1963-01-01,339,167,False,False
1963-01-01,340,5,True,False
1963-01-01,344,169,False,True
1963-01-01,345,173,False,False
1963-01-01,346,167,True,False
1963-01-01,355,33 169,False,False
1963-01-01,359,167,False,False
1963-01-01,361,49,False,True
1963-01-01,363,33,True,False
1963-01-01,367,87,True,False
1963-01-01,372,169,False,False
1963-01-01,373,169,False,True
1963-01-01,374,5,False,True
1963-01-01,375,25,True,False
1963-01-01,381,64,False,True
1963-01-01,382,25,False,True
1963-01-01,384,5 64,False,False
1963-01-01,385,64,False,False
1963-01-01,393,52,True,False
1963-01-01,396,169,True,False
1963-01-01,400,169,False,False
1963-01-01,402,52 173,True,False
1963-01-01,403,92 173,True,False
1963-01-01,406,33,False,True
1963-01-01,407,167,False,False
1963-01-01,408,163,False,True
1963-01-01,409,169,False,False
1963-01-01,410,87,False,False
1963-01-01,411,177,False,True
1963-01-01,412,169,False,False
1963-01-01,417,25 173,False,False
1963-01-01,419,95,False,True
1963-01-01,422,93,False,True
1963-01-01,426,25 64 169,False,False
1963-01-01,427,169,True,False
1963-01-01,428,169,True,False
1963-01-01,429,93,False,False
1963-01-01,431,167,True,False
1963-01-01,432,31 169,True,False
1963-01-01,433,173,True,False
1963-01-01,434,5,False,False
1963-01-01,435,25 173,True,False
1963-01-01,436,90,True,False
1963-01-01,437,90,True,False
1963-01-01,438,84,False,False
1963-01-01,439,173,True,False
1963-01-01,440,169,False,False
1963-01-01,441,174,False,False
1963-01-01,442,163,False,True
1963-01-01,443,176,True,False
1963-01-01,444,173,False,False
1963-01-01,445,93,True,False
1963-01-01,446,170,False,False
1963-01-01,447,96,False,True
1963-01-01,448,173,True,False
1963-01-01,449,96,False,True
1963-01-01,450,167,False,True
1963-01-01,451,169,False,True
1964-01-01,277,169 173,False,False
1964-01-01,288,64,False,False
1964-01-01,304,173,True,False
1964-01-01,308,169 173,False,True
1964-01-01,339,167,False,False
1964-01-01,340,5,False,False
1964-01-01,344,5,True,False
1964-01-01,345,173 178 180,False,False
1964-01-01,346,167 178 180,False,False
1964-01-01,355,180,True,False
1964-01-01,357,178,False,True
1964-01-01,359,167,False,False
1964-01-01,363,180,True,False
1964-01-01,369,64,False,True
1964-01-01,372,169,False,False
1964-01-01,373,169,False,False
1964-01-01,374,5,False,False
1964-01-01,379,179,False,True
1964-01-01,381,169,True,False
1964-01-01,382,180,True,False
1964-01-01,384,5,False,False
1964-01-01,385,64,False,False
1964-01-01,393,64,True,False
1964-01-01,396,169,False,False
1964-01-01,398,167,False,True
1964-01-01,400,92 173,True,False
1964-01-01,401,178,False,True
1964-01-01,402,167,True,False
1964-01-01,403,92 173,False,False
1964-01-01,404,10,False,True
1964-01-01,407,64,True,False
1964-01-01,419,178,True,False
1964-01-01,422,169,True,False
1964-01-01,426,64,False,False
1964-01-01,427,173,True,False
1964-01-01,428,90,True,False
1964-01-01,429,93,False,False
1964-01-01,430,167,True,False
1964-01-01,431,94,True,False
1964-01-01,432,169,True,False
1964-01-01,433,178,True,False
1965-01-01,277,173,False,False
1965-01-01,288,64,False,False
1965-01-01,303,180,False,True
1965-01-01,304,173,False,False
1965-01-01,327,64,False,False
1965-01-01,340,5,False,False
1965-01-01,344,5,False,False
1965-01-01,345,178,False,False
1965-01-01,346,180,False,False
1965-01-01,355,180,False,False
1965-01-01,357,167,False,False
1965-01-01,359,167,False,False
1965-01-01,363,180,False,False
1965-01-01,369,173,True,False
1965-01-01,372,169,False,False
1965-01-01,373,169,False,False
1965-01-01,374,5,False,False
1965-01-01,375,64,True,False
1965-01-01,379,178,False,False
1965-01-01,381,169,False,False
1965-01-01,382,180,False,False
1965-01-01,384,5,False,False
1965-01-01,385,10,True,False
1965-01-01,393,180,True,False
1965-01-01,395,5 173,False,True
1965-01-01,401,169,True,False
1965-01-01,403,173,True,False
1965-01-01,404,10,False,False
1965-01-01,405,169,True,False
1965-01-01,417,64,True,False
1965-01-01,418,167,False,True
1965-01-01,419,178 180,False,False
1965-01-01,420,183,False,True
1965-01-01,421,169,False,True
1965-01-01,422,169,False,False
1965-01-01,423,64,True,False
1965-01-01,424,5,True,False
1965-01-01,425,64,False,True
1966-01-01,277,163 178,True,False
1966-01-01,288,64,False,False
1966-01-01,303,180 188,False,False
1966-01-01,327,64,False,False
1966-01-01,340,5 163,False,False
1966-01-01,344,169 173,True,False
1966-01-01,345,163 178,False,False
1966-01-01,346,163 180,False,False
1966-01-01,355,188,True,False
1966-01-01,357,163,True,False
1966-01-01,359,184 185,True,False
1966-01-01,363,186 187,True,False
1966-01-01,372,169 173,False,False
1966-01-01,373,173,True,False
1966-01-01,374,5,False,False
1966-01-01,381,163,True,False
1966-01-01,382,180,False,False
1966-01-01,384,5,False,False
1966-01-01,385,10 163,False,False
1966-01-01,386,5,True,False
1966-01-01,387,180,False,True
1966-01-01,388,163,False,True
1966-01-01,393,5,True,False
1966-01-01,395,64 186 187,True,False
1966-01-01,396,169 173,False,False
1966-01-01,397,64,True,False
1966-01-01,398,178,True,False
1966-01-01,399,189,False,True
1966-01-01,400,89,True,False
1966-01-01,401,169,False,False
1966-01-01,402,186,True,False
1966-01-01,403,64,True,False
1966-01-01,404,10,False,False
1967-01-01,234,5 80 163,False,True
1967-01-01,261,177,False,True
1967-01-01,277,5,True,False
1967-01-01,288,173 177,True,False
1967-01-01,292,180 188,True,False
1967-01-01,303,188 191,False,False
1967-01-01,305,80 184 193,False,True
1967-01-01,311,163,False,True
1967-01-01,321,25 64,False,True
1967-01-01,325,177,False,True
1967-01-01,327,64 193,False,False
1967-01-01,332,5,False,True
1967-01-01,333,180,True,False
1967-01-01,339,167 188,False,False
1967-01-01,340,10,True,False
1967-01-01,344,64 163,True,False
1967-01-01,345,163,False,False
1967-01-01,346,163,False,False
1967-01-01,350,190,False,True
1967-01-01,355,188,False,False
1967-01-01,357,163 188,False,False
1967-01-01,358,80,False,True
1967-01-01,359,187 191,True,False
1967-01-01,360,64 173,False,True
1967-01-01,363,186 187,False,False
1967-01-01,364,25,False,True
1967-01-01,367,87 181,True,False
1967-01-01,368,167,False,True
1967-01-01,369,163,True,False
1967-01-01,370,186,False,True
1967-01-01,372,169 173 177,False,False
1967-01-01,373,64,True,False
1967-01-01,374,5 187 192,False,False
1967-01-01,376,80,False,True
1967-01-01,378,88,False,True
1967-01-01,381,173 177,True,False
1967-01-01,382,180,False,False
1967-01-01,383,180,False,True
1967-01-01,384,5,False,False
1967-01-01,385,186,True,False
1967-01-01,386,5,False,False
1967-01-01,387,64 173,True,False
1967-01-01,388,163 188,False,False
1967-01-01,389,163 179,False,True
1967-01-01,390,88,False,True
1967-01-01,391,173,False,True
1967-01-01,392,167,False,True
1967-01-01,393,177,True,False
1967-01-01,394,5,False,True
1968-01-01,206,177,False,True
1968-01-01,234,5,False,False
1968-01-01,261,177,False,False
1968-01-01,277,5,False,False
1968-01-01,279,80,False,True
1968-01-01,288,177,False,False
1968-01-01,303,0 184,True,False
1968-01-01,305,80 193,False,False
1968-01-01,311,192,True,False
1968-01-01,320,5,False,True
1968-01-01,321,10,True,False
1968-01-01,327,193,False,False
1968-01-01,340,10,False,False
1968-01-01,342,177,False,True
1968-01-01,344,64,False,False
1968-01-01,345,177,True,False
1968-01-01,346,10 191,True,False
1968-01-01,349,192,False,True
1968-01-01,350,188,True,False
1968-01-01,355,188,False,False
1968-01-01,357,188,False,False
1968-01-01,358,192 193,True,False
1968-01-01,359,0 184,True,False
1968-01-01,360,64,False,False
1968-01-01,363,184 187 188,False,False
1968-01-01,364,25,False,False
1968-01-01,369,64,True,False
1968-01-01,374,192,False,False
1968-01-01,375,192,True,False
1968-01-01,376,10,True,False
1968-01-01,377,192,False,True
1968-01-01,378,188,True,False
1968-01-01,379,64,True,False
1968-01-01,380,64,False,True
1968-01-01,381,177,True,False
1969-01-01,206,177,False,False
1969-01-01,234,179,True,False
1969-01-01,261,64 194,True,False
1969-01-01,277,5,False,False
1969-01-01,288,177,False,False
1969-01-01,303,184,False,False
1969-01-01,305,184 193,True,False
1969-01-01,320,184,True,False
1969-01-01,327,193,False,False
1969-01-01,339,177,True,False
1969-01-01,340,64,True,False
1969-01-01,342,64,True,False
1969-01-01,344,5 64,False,False
1969-01-01,345,177,False,False
1969-01-01,346,177,True,False
1969-01-01,349,163 184,True,False
1969-01-01,350,179,True,False
1969-01-01,351,64,False,True
1969-01-01,352,177,True,False
1969-01-01,355,179,True,False
1969-01-01,356,177,False,True
1969-01-01,357,177,True,False
1969-01-01,358,193,False,False
1969-01-01,359,184,False,False
1969-01-01,360,179,True,False
1969-01-01,361,188,True,False
1969-01-01,367,188,True,False
1969-01-01,368,184,True,False
1969-01-01,369,177,True,False
1969-01-01,370,186,False,False
1969-01-01,371,180,False,True
1970-01-01,206,36,True,False
1970-01-01,222,5,False,True
1970-01-01,223,31,False,True
1970-01-01,234,5,True,False
1970-01-01,237,36,False,True
1970-01-01,242,33,False,True
1970-01-01,261,64,False,False
1970-01-01,277,36,True,False
1970-01-01,279,80,False,False
1970-01-01,288,31,True,False
1970-01-01,292,31,True,False
1970-01-01,303,184,False,False
1970-01-01,305,80,True,False
1970-01-01,311,84,True,False
1970-01-01,313,84,False,True
1970-01-01,316,31,False,True
1970-01-01,319,184,False,True
1970-01-01,320,33 61,True,False
1970-01-01,326,36,False,True
1970-01-01,327,24 36,True,False
1970-01-01,329,195,False,True
1970-01-01,332,195,True,False
1970-01-01,338,31,False,True
1970-01-01,339,31,True,False
1970-01-01,340,61 184,True,False
1970-01-01,344,64,True,False
1970-01-01,345,36,True,False
1970-01-01,346,184,True,False
1970-01-01,350,83,True,False
1970-01-01,351,64,False,False
1970-01-01,352,31,True,False
1970-01-01,355,33,True,False
1970-01-01,356,31,True,False
1970-01-01,357,31,True,False
1970-01-01,358,36,True,False
1970-01-01,359,184,False,False
1970-01-01,360,84,True,False
1970-01-01,361,33,True,False
1970-01-01,362,5,False,True
1970-01-01,363,184,False,False
1970-01-01,364,36,True,False
1970-01-01,365,33,False,True
1970-01-01,366,64,False,True
1971-01-01,181,197,False,True
1971-01-01,196,197,False,True
1971-01-01,206,5,True,False
1971-01-01,222,5,False,False
1971-01-01,223,177 198,True,False
1971-01-01,234,5,False,False
1971-01-01,237,196 197,True,False
1971-01-01,242,61,True,False
1971-01-01,261,0,True,False
1971-01-01,277,80,True,False
1971-01-01,279,197,True,False
1971-01-01,287,0,False,True
1971-01-01,288,33,True,False
1971-01-01,292,33 177,True,False
1971-01-01,297,61,False,True
1971-01-01,303,0,True,False
1971-01-01,304,61,True,False
1971-01-01,305,80,False,False
1971-01-01,306,64,False,True
1971-01-01,308,24,True,False
1971-01-01,311,61,True,False
1971-01-01,313,33,True,False
1971-01-01,316,177 198,True,False
1971-01-01,319,0 64,True,False
1971-01-01,320,61,False,False
1971-01-01,321,0,True,False
1971-01-01,326,24,True,False
1971-01-01,327,24,False,False
1971-01-01,328,197,False,True
1971-01-01,329,196 197,True,False
1971-01-01,332,196,True,False
1971-01-01,333,33,True,False
1971-01-01,336,64,False,True
1971-01-01,337,198,False,True
1971-01-01,338,197,True,False
1971-01-01,339,197,True,False
1971-01-01,340,61,False,False
1971-01-01,341,197,False,True
1971-01-01,343,61,False,True
1971-01-01,344,64,False,False
1971-01-01,345,64,True,False
1971-01-01,346,0,True,False
1971-01-01,347,197,False,True
1971-01-01,348,197,False,True
1971-01-01,349,64,True,False
1971-01-01,350,83,False,False
1971-01-01,351,64,False,False
1971-01-01,352,177,True,False
1971-01-01,353,33,False,True
1971-01-01,354,64,False,True
1972-01-01,181,36,True,False
1972-01-01,198,33,False,True
1972-01-01,206,5,False,False
1972-01-01,220,24,False,True
1972-01-01,221,0,False,True
1972-01-01,222,5,False,False
1972-01-01,223,31,True,False
1972-01-01,231,5,False,True
1972-01-01,234,5,False,False
1972-01-01,237,36,True,False
1972-01-01,242,36,True,False
1972-01-01,249,36,False,True
1972-01-01,261,64,True,False
1972-01-01,277,80,False,False
1972-01-01,279,36 81,True,False
1972-01-01,288,33,False,False
1972-01-01,289,33,False,True
1972-01-01,292,31,True,False
1972-01-01,295,82,False,True
1972-01-01,303,0,False,False
1972-01-01,304,61,False,False
1972-01-01,305,64,True,False
1972-01-01,306,64,False,False
1972-01-01,308,0,True,False
1972-01-01,311,0 64,True,False
1972-01-01,313,61,True,False
1972-01-01,316,31 64,True,False
1972-01-01,319,64,False,False
1972-01-01,320,79,True,False
1972-01-01,326,24,False,False
1972-01-01,327,24,False,False
1972-01-01,328,36,True,False
1972-01-01,329,5 79,True,False
1972-01-01,332,61,True,False
1972-01-01,336,64,False,False
1972-01-01,337,31,True,False
1972-01-01,338,64,True,False
1972-01-01,339,61,True,False
1972-01-01,340,61,False,False
1972-01-01,341,36,True,False
1972-01-01,342,64,False,False
1972-01-01,343,61,False,False
1973-01-01,181,64,True,False
1973-01-01,186,33,False,True
1973-01-01,196,36,True,False
1973-01-01,198,33,False,False
1973-01-01,199,61,False,True
1973-01-01,221,0,False,False
1973-01-01,222,64,True,False
1973-01-01,223,31,False,False
1973-01-01,230,36,False,True
1973-01-01,231,5,False,False
1973-01-01,234,0 5 78,False,False
1973-01-01,237,31,True,False
1973-01-01,242,33,True,False
1973-01-01,249,61,True,False
1973-01-01,258,36,False,True
1973-01-01,261,56,True,False
1973-01-01,277,24 79,True,False
1973-01-01,279,36 78,False,False
1973-01-01,288,56,True,False
1973-01-01,289,33,False,False
1973-01-01,291,24,False,True
1973-01-01,292,31,False,False
1973-01-01,297,78,True,False
1973-01-01,303,0,False,False
1973-01-01,304,61,False,False
1973-01-01,305,64,False,False
1973-01-01,306,78,True,False
1973-01-01,308,0,False,False
1973-01-01,311,56,True,False
1973-01-01,312,55,False,True
1973-01-01,313,78,True,False
1973-01-01,316,36,True,False
1973-01-01,319,64,False,False
1973-01-01,326,24,False,False
1973-01-01,327,24,False,False
1973-01-01,328,36,False,False
1973-01-01,329,78,True,False
1973-01-01,330,61,False,True
1973-01-01,331,56,False,True
1973-01-01,332,33 61,False,False
1973-01-01,333,78,True,False
1973-01-01,334,36,False,True
1973-01-01,335,78,False,True
1974-01-01,171,78,False,True
1974-01-01,181,5,True,False
1974-01-01,186,33,False,False
1974-01-01,196,56,True,False
1974-01-01,198,33,False,False
1974-01-01,199,0 61,False,False
1974-01-01,206,71,True,False
1974-01-01,218,61 78,False,True
1974-01-01,220,24,False,False
1974-01-01,221,24,True,False
1974-01-01,222,5,True,False
1974-01-01,223,0,True,False
1974-01-01,229,36,False,True
1974-01-01,230,36 62,False,False
1974-01-01,231,78,True,False
1974-01-01,232,36,False,True
1974-01-01,234,31,True,False
1974-01-01,237,31,False,False
1974-01-01,242,25,True,False
1974-01-01,249,33 61,False,False
1974-01-01,250,31 62,False,True
1974-01-01,251,56 77,False,True
1974-01-01,255,76,False,True
1974-01-01,258,77,True,False
1974-01-01,264,25,False,True
1974-01-01,266,55,False,True
1974-01-01,268,33,False,True
1974-01-01,269,33 77,False,True
1974-01-01,274,33,False,True
1974-01-01,277,64 76,True,False
1974-01-01,279,64,True,False
1974-01-01,282,36 55,False,True
1974-01-01,287,65,True,False
1974-01-01,288,25,True,False
1974-01-01,291,24,False,False
1974-01-01,292,0,True,False
1974-01-01,295,64,True,False
1974-01-01,297,78,False,False
1974-01-01,299,74,False,True
1974-01-01,303,0,False,False
1974-01-01,304,0,True,False
1974-01-01,305,64,False,False
1974-01-01,306,36 72,True,False
1974-01-01,307,33 78,False,True
1974-01-01,308,56,True,False
1974-01-01,309,31,True,False
1974-01-01,310,78,False,True
1974-01-01,311,56,False,False
1974-01-01,312,33,True,False
1974-01-01,313,31 75,True,False
1974-01-01,314,33,False,True
1974-01-01,315,61,False,True
1974-01-01,316,36,False,False
1974-01-01,317,56,False,True
1974-01-01,318,61,False,True
1974-01-01,319,25,True,False
1974-01-01,320,61,True,False
1974-01-01,321,0,False,False
1974-01-01,322,61,False,True
1974-01-01,323,33 61,False,True
1974-01-01,324,33,False,True
1974-01-01,325,33,True,False
1975-01-01,171,2,True,False
1975-01-01,177,62 73,False,True
1975-01-01,181,5,False,False
1975-01-01,186,31 61 65,True,False
1975-01-01,196,199 200,True,False
1975-01-01,198,33,False,False
1975-01-01,199,0,False,False
1975-01-01,204,31,False,True
1975-01-01,206,71,False,False
1975-01-01,218,24,True,False
1975-01-01,220,24,False,False
1975-01-01,221,24,False,False
1975-01-01,222,5,False,False
1975-01-01,223,0,False,False
1975-01-01,228,62,False,True
1975-01-01,229,36,False,False
1975-01-01,230,62,False,False
1975-01-01,231,2 54,True,False
1975-01-01,232,36,False,False
1975-01-01,234,31,False,False
1975-01-01,237,31,False,False
1975-01-01,238,62,False,True
1975-01-01,242,25 73,False,False
1975-01-01,244,72,False,True
1975-01-01,249,33,False,False
1975-01-01,250,2 24,True,False
1975-01-01,251,199,True,False
1975-01-01,253,2,False,True
1975-01-01,266,73,True,False
1975-01-01,269,2,True,False
1975-01-01,274,2 36,True,False
1975-01-01,275,64,False,True
1975-01-01,276,24,False,True
1975-01-01,277,55,True,False
1975-01-01,281,2,False,True
1975-01-01,282,64,True,False
1975-01-01,287,36 65,False,False
1975-01-01,288,25 73,False,False
1975-01-01,289,54,True,False
1975-01-01,290,31,False,True
1975-01-01,291,31,True,False
1975-01-01,292,0,False,False
1975-01-01,293,2 73,False,True
1975-01-01,294,55,False,True
1975-01-01,295,2 25 73,True,False
1975-01-01,296,62,False,True
1975-01-01,297,55,True,False
1975-01-01,298,72,False,True
1975-01-01,299,74,False,False
1975-01-01,300,61,False,True
1975-01-01,301,31,False,True
1975-01-01,302,2,False,True
1976-01-01,171,26,True,False
1976-01-01,177,61,True,False
1976-01-01,181,5,False,False
1976-01-01,186,65,False,False
1976-01-01,196,56,True,False
1976-01-01,198,5 201,True,False
1976-01-01,199,0,False,False
1976-01-01,206,31 71,False,False
1976-01-01,207,179,False,True
1976-01-01,220,24,False,False
1976-01-01,221,24,False,False
1976-01-01,222,5,False,False
1976-01-01,223,54,True,False
1976-01-01,228,62,False,False
1976-01-01,229,36,False,False
1976-01-01,230,0,True,False
1976-01-01,231,36 57,True,False
1976-01-01,232,36,False,False
1976-01-01,234,55 57,True,False
1976-01-01,236,62,False,True
1976-01-01,237,31 36,False,False
1976-01-01,238,61,True,False
1976-01-01,241,61,False,True
1976-01-01,242,62 201,True,False
1976-01-01,244,72,False,False
1976-01-01,245,55 57,False,True
1976-01-01,249,201,True,False
1976-01-01,250,24,True,False
1976-01-01,251,56,True,False
1976-01-01,252,54,False,True
1976-01-01,253,2,False,False
1976-01-01,254,31,False,True
1976-01-01,255,68 201,True,False
1976-01-01,256,65,False,True
1976-01-01,257,55 179,False,True
1976-01-01,259,61,False,True
1976-01-01,264,62,True,False
1976-01-01,269,64,True,False
1976-01-01,270,179,False,True
1976-01-01,272,24,False,True
1976-01-01,273,61,False,True
1976-01-01,274,36 179,True,False
1976-01-01,275,31 179,True,False
1976-01-01,276,57,True,False
1976-01-01,277,55 57,False,False
1976-01-01,278,2,False,True
1976-01-01,279,61,True,False
1976-01-01,280,179,False,True
1976-01-01,281,179,True,False
1976-01-01,282,56,True,False
1976-01-01,283,24,False,True
1976-01-01,284,24,False,True
1976-01-01,285,57,False,True
1976-01-01,286,70,False,True
1977-01-01,118,56,False,True
1977-01-01,151,0,False,True
1977-01-01,171,26,False,False
1977-01-01,174,55 61,False,True
1977-01-01,177,56,True,False
1977-01-01,181,5,False,False
1977-01-01,186,33,True,False
1977-01-01,196,26 56 65,False,False
1977-01-01,198,5,False,False
1977-01-01,199,0,False,False
1977-01-01,202,0 5,False,True
1977-01-01,204,36 68,True,False
1977-01-01,206,31,False,False
1977-01-01,207,0,True,False
1977-01-01,210,62,False,True
1977-01-01,211,62,False,True
1977-01-01,218,3,True,False
1977-01-01,219,33,False,True
1977-01-01,220,24,False,False
1977-01-01,221,57,True,False
1977-01-01,222,55,True,False
1977-01-01,223,54,False,False
1977-01-01,228,62,False,False
1977-01-01,229,61,True,False
1977-01-01,230,0,False,False
1977-01-01,231,36 56,True,False
1977-01-01,232,33 36,False,False
1977-01-01,234,55,False,False
1977-01-01,236,36,True,False
1977-01-01,237,24,True,False
1977-01-01,238,0 36,True,False
1977-01-01,239,65,False,True
1977-01-01,240,61,False,True
1977-01-01,244,61,True,False
1977-01-01,245,61 65,True,False
1977-01-01,246,36,False,True
1977-01-01,249,33,True,False
1977-01-01,250,36,True,False
1977-01-01,251,56,False,False
1977-01-01,252,54,False,False
1977-01-01,253,56,True,False
1977-01-01,254,31,False,False
1977-01-01,255,61 64,True,False
1977-01-01,256,36,True,False
1977-01-01,257,36,True,False
1977-01-01,258,66,True,False
1977-01-01,259,64,True,False
1977-01-01,260,36,False,True
1977-01-01,261,56,False,False
1977-01-01,262,36,False,True
1977-01-01,263,36,False,True
1977-01-01,264,64,True,False
1977-01-01,265,67,False,True
1977-01-01,266,61,True,False
1977-01-01,267,65,False,True
1977-01-01,268,64,True,False
1977-01-01,269,62,True,False
1977-01-01,270,69,True,False
1977-01-01,271,24,False,True
1977-01-01,272,70,True,False
1977-01-01,273,70,True,False
1978-01-01,118,20,True,False
1978-01-01,136,0 33 55,False,True
1978-01-01,151,0,False,False
1978-01-01,157,53 62,False,True
1978-01-01,162,61 63,False,True
1978-01-01,171,26,False,False
1978-01-01,174,0,True,False
1978-01-01,176,52 53 57,False,True
1978-01-01,177,2,True,False
1978-01-01,181,33,True,False
1978-01-01,186,33,False,False
1978-01-01,196,31 52,True,False
1978-01-01,198,5,False,False
1978-01-01,199,52,True,False
1978-01-01,201,24,False,True
1978-01-01,202,5,False,False
1978-01-01,205,55 62,False,True
1978-01-01,206,31,False,False
1978-01-01,207,0,False,False
1978-01-01,208,55,False,True
1978-01-01,210,61,True,False
1978-01-01,211,31,True,False
1978-01-01,212,61,False,True
1978-01-01,218,3,False,False
1978-01-01,220,24,False,False
1978-01-01,221,57,False,False
1978-01-01,222,56,True,False
1978-01-01,223,54,False,False
1978-01-01,228,52 55,True,False
1978-01-01,229,61,False,False
1978-01-01,230,0,False,False
1978-01-01,231,58,True,False
1978-01-01,232,56,True,False
1978-01-01,234,55,False,False
1978-01-01,237,31,True,False
1978-01-01,238,0 55,False,False
1978-01-01,239,55 56,True,False
1978-01-01,240,55,True,False
1978-01-01,241,62,True,False
1978-01-01,242,20,True,False
1978-01-01,243,52 58,False,True
1978-01-01,244,0,True,False
1978-01-01,245,52,True,False
1978-01-01,246,52,True,False
1978-01-01,247,61,False,True
1978-01-01,248,57,False,True
1979-01-01,118,20,False,False
1979-01-01,135,56,False,True
1979-01-01,136,179 201,True,False
1979-01-01,151,49,True,False
1979-01-01,162,3,True,False
1979-01-01,171,26,False,False
1979-01-01,172,56,False,True
1979-01-01,174,0,False,False
1979-01-01,175,55,False,True
1979-01-01,176,57,True,False
1979-01-01,177,2,False,False
1979-01-01,181,179 201,True,False
1979-01-01,186,0,True,False
1979-01-01,196,24,True,False
1979-01-01,198,31,True,False
1979-01-01,199,20,True,False
1979-01-01,201,24,False,False
1979-01-01,202,5,False,False
1979-01-01,205,24 55,False,False
1979-01-01,206,31,False,False
1979-01-01,208,24,True,False
1979-01-01,211,31 60,False,False
1979-01-01,216,179,False,True
1979-01-01,218,3,False,False
1979-01-01,220,26,True,False
1979-01-01,221,5,True,False
1979-01-01,222,2,True,False
1979-01-01,223,54,False,False
1979-01-01,229,49,True,False
1979-01-01,230,57,True,False
1979-01-01,231,58,False,False
1979-01-01,232,52,True,False
1979-01-01,233,58 59,False,True
1979-01-01,234,26,True,False
1979-01-01,235,55,False,True
1979-01-01,236,54,True,False
1980-01-01,94,31,False,True
1980-01-01,109,49,False,True
1980-01-01,116,0,False,True
1980-01-01,118,20,False,False
1980-01-01,135,52 55,True,False
1980-01-01,136,33,True,False
1980-01-01,139,56,False,True
1980-01-01,151,49,False,False
1980-01-01,157,43,True,False
1980-01-01,162,3,False,False
1980-01-01,171,26,False,False
1980-01-01,172,31,True,False
1980-01-01,175,52,True,False
1980-01-01,176,54,True,False
1980-01-01,177,2,False,False
1980-01-01,180,20,False,True
1980-01-01,186,0,False,False
1980-01-01,190,20 24,False,True
1980-01-01,196,24,False,False
1980-01-01,198,2,True,False
1980-01-01,199,20,False,False
1980-01-01,201,26,True,False
1980-01-01,202,5,False,False
1980-01-01,205,24,False,False
1980-01-01,206,31,False,False
1980-01-01,208,2 55 56,True,False
1980-01-01,210,2,True,False
1980-01-01,211,33,True,False
1980-01-01,213,2,False,True
1980-01-01,216,33,True,False
1980-01-01,218,3,False,False
1980-01-01,220,49,True,False
1980-01-01,221,5,False,False
1980-01-01,222,55,True,False
1980-01-01,223,54,False,False
1980-01-01,224,56,False,True
1980-01-01,225,0,False,True
1980-01-01,226,55,False,True
1980-01-01,227,2,False,True
1980-01-01,228,52,False,False
1980-01-01,229,49,False,False
1981-01-01,94,31,False,False
1981-01-01,104,24,False,True
1981-01-01,109,0,True,False
1981-01-01,116,3,True,False
1981-01-01,117,51,False,True
1981-01-01,118,20,False,False
1981-01-01,135,52,True,False
1981-01-01,136,33,False,False
1981-01-01,151,49,False,False
1981-01-01,157,24,True,False
1981-01-01,159,43,False,True
1981-01-01,162,3,False,False
1981-01-01,171,26,False,False
1981-01-01,172,31,False,False
1981-01-01,174,26 53,True,False
1981-01-01,175,53 55,True,False
1981-01-01,176,54,False,False
1981-01-01,177,2,False,False
1981-01-01,186,0,False,False
1981-01-01,191,54,False,True
1981-01-01,193,36 43 55,False,True
1981-01-01,196,26 43,True,False
1981-01-01,197,20,False,True
1981-01-01,198,2,False,False
1981-01-01,200,52,False,True
1981-01-01,201,5,True,False
1981-01-01,202,5,False,False
1981-01-01,204,51,True,False
1981-01-01,205,36,True,False
1981-01-01,206,49,True,False
1981-01-01,211,33,False,False
1981-01-01,212,43,True,False
1981-01-01,213,24,True,False
1981-01-01,214,43,False,True
1981-01-01,215,20,False,True
1981-01-01,216,24,True,False
1981-01-01,217,55,False,True
1981-01-01,218,26,True,False
1981-01-01,219,43,True,False
1982-01-01,89,31,False,True
1982-01-01,94,31,False,False
1982-01-01,104,24,False,False
1982-01-01,109,49,True,False
1982-01-01,116,3,False,False
1982-01-01,117,51,False,False
1982-01-01,118,33,True,False
1982-01-01,135,53,True,False
1982-01-01,136,33,False,False
1982-01-01,151,49,False,False
1982-01-01,157,26,True,False
1982-01-01,162,3,False,False
1982-01-01,169,51,False,True
1982-01-01,171,26,False,False
1982-01-01,172,31,False,False
1982-01-01,174,5,True,False
1982-01-01,175,20,True,False
1982-01-01,176,2,True,False
1982-01-01,180,52,True,False
1982-01-01,181,0,True,False
1982-01-01,183,20,False,True
1982-01-01,186,0,False,False
1982-01-01,191,54,False,False
1982-01-01,193,52,True,False
1982-01-01,194,55,False,True
1982-01-01,195,36,False,True
1982-01-01,196,43,False,False
1982-01-01,198,2,False,False
1982-01-01,199,36,True,False
1982-01-01,200,24,True,False
1982-01-01,201,5,False,False
1982-01-01,202,5,False,False
1982-01-01,203,43,False,True
1982-01-01,204,20 24,True,False
1982-01-01,205,2 53,True,False
1982-01-01,206,2 5,True,False
1982-01-01,207,36,True,False
1982-01-01,208,31 53,True,False
1982-01-01,209,53,False,True
1982-01-01,210,36,True,False
1983-01-01,94,31,False,False
1983-01-01,104,24,False,False
1983-01-01,109,49,False,False
1983-01-01,116,3,False,False
1983-01-01,117,51,False,False
1983-01-01,118,33,False,False
1983-01-01,122,20,False,True
1983-01-01,136,33,False,False
1983-01-01,139,50,True,False
1983-01-01,151,51,True,False
1983-01-01,155,2,False,True
1983-01-01,157,3,True,False
1983-01-01,159,43,False,False
1983-01-01,162,5,True,False
1983-01-01,167,48,False,True
1983-01-01,171,2,True,False
1983-01-01,172,31,False,False
1983-01-01,174,5,False,False
1983-01-01,175,20,False,False
1983-01-01,176,2,False,False
1983-01-01,177,20,True,False
1983-01-01,180,52,False,False
1983-01-01,181,0,False,False
1983-01-01,183,49,True,False
1983-01-01,185,48,False,True
1983-01-01,186,0,False,False
1983-01-01,187,53,False,True
1983-01-01,189,43,False,True
1983-01-01,191,20,True,False
1983-01-01,192,24,False,True
1983-01-01,193,48,True,False
1983-01-01,194,53,True,False
1983-01-01,195,26,True,False
1983-01-01,196,26,True,False
1983-01-01,197,48,True,False
1984-01-01,76,52,False,True
1984-01-01,83,24,False,True
1984-01-01,93,51,False,True
1984-01-01,94,31,False,False
1984-01-01,101,51,False,True
1984-01-01,104,5,True,False
1984-01-01,109,26,True,False
1984-01-01,111,48,False,True
1984-01-01,116,0,True,False
1984-01-01,117,3,True,False
1984-01-01,118,49,True,False
1984-01-01,122,20,False,False
1984-01-01,136,33,False,False
1984-01-01,139,24 51,True,False
1984-01-01,155,48,True,False
1984-01-01,157,49,True,False
1984-01-01,159,43,False,False
1984-01-01,162,5,False,False
1984-01-01,165,3,False,True
1984-01-01,169,33,True,False
1984-01-01,171,2,False,False
1984-01-01,172,31,False,False
1984-01-01,174,3,True,False
1984-01-01,175,20,False,False
1984-01-01,176,2,False,False
1984-01-01,178,50,False,True
1984-01-01,180,33 52,False,False
1984-01-01,181,0,False,False
1984-01-01,182,26,False,True
1984-01-01,183,50,True,False
1984-01-01,184,24,False,True
1984-01-01,187,51,True,False
1984-01-01,188,43,False,True
1984-01-01,189,33,True,False
1984-01-01,190,24 48,False,False
1985-01-01,76,20,True,False
1985-01-01,83,24,False,False
1985-01-01,93,17,True,False
1985-01-01,94,2,True,False
1985-01-01,101,31,True,False
1985-01-01,104,5,False,False
1985-01-01,109,26,False,False
1985-01-01,111,48,False,False
1985-01-01,116,0,False,False
1985-01-01,117,3,False,False
1985-01-01,118,49,False,False
1985-01-01,121,24,False,True
1985-01-01,122,20,False,False
1985-01-01,136,33,False,False
1985-01-01,139,5 24,True,False
1985-01-01,155,47,True,False
1985-01-01,156,47,False,True
1985-01-01,157,49,False,False
1985-01-01,159,43 51,False,False
1985-01-01,162,5,False,False
1985-01-01,165,24 26,True,False
1985-01-01,169,51,True,False
1985-01-01,171,26,True,False
1985-01-01,172,31,False,False
1985-01-01,174,3,False,False
1985-01-01,175,33,True,False
1985-01-01,176,2,False,False
1985-01-01,177,25,True,False
1985-01-01,178,43,True,False
1985-01-01,180,48,True,False
1985-01-01,181,0,False,False
1985-01-01,182,3 33,True,False
1985-01-01,183,50,False,False
1985-01-01,184,24,False,False
1985-01-01,185,48,False,False
1985-01-01,186,0,False,False
1986-01-01,76,21,True,False
1986-01-01,83,24,False,False
1986-01-01,94,2,False,False
1986-01-01,101,31,False,False
1986-01-01,104,5,False,False
1986-01-01,109,17,True,False
1986-01-01,111,26,True,False
1986-01-01,116,0,False,False
1986-01-01,117,33,True,False
1986-01-01,118,33,True,False
1986-01-01,121,38,True,False
1986-01-01,122,20,False,False
1986-01-01,132,43,False,True
1986-01-01,136,2,True,False
1986-01-01,139,5,False,False
1986-01-01,144,17,False,True
1986-01-01,155,47,False,False
1986-01-01,156,20 43,True,False
1986-01-01,157,25,True,False
1986-01-01,159,43,True,False
1986-01-01,162,26,True,False
1986-01-01,165,24,True,False
1986-01-01,169,21,True,False
1986-01-01,171,26,False,False
1986-01-01,172,33,True,False
1986-01-01,173,31,False,True
1986-01-01,174,25,True,False
1986-01-01,175,20,True,False
1986-01-01,176,0,True,False
1986-01-01,177,25,False,False
1986-01-01,178,47,True,False
1986-01-01,179,43,False,True
1987-01-01,76,5,True,False
1987-01-01,77,41,False,True
1987-01-01,83,47,True,False
1987-01-01,89,38,True,False
1987-01-01,94,2,False,False
1987-01-01,98,43,False,True
1987-01-01,101,31,False,False
1987-01-01,104,5,False,False
1987-01-01,109,33,True,False
1987-01-01,111,32,True,False
1987-01-01,113,32,False,True
1987-01-01,116,0,False,False
1987-01-01,117,20,True,False
1987-01-01,118,2 33,False,False
1987-01-01,121,36,True,False
1987-01-01,122,21,True,False
1987-01-01,130,33,False,True
1987-01-01,132,43,False,False
1987-01-01,136,2,False,False
1987-01-01,137,31,False,True
1987-01-01,139,0,True,False
1987-01-01,144,17,False,False
1987-01-01,155,24,True,False
1987-01-01,156,47,True,False
1987-01-01,157,20,True,False
1987-01-01,159,26,True,False
1987-01-01,162,26,False,False
1987-01-01,165,24,False,False
1987-01-01,166,17,False,True
1987-01-01,168,38,False,True
1987-01-01,169,21,False,False
1987-01-01,170,43,False,True
1988-01-01,76,5,False,False
1988-01-01,77,43,True,False
1988-01-01,83,2,True,False
1988-01-01,87,32,False,True
1988-01-01,93,17,False,False
1988-01-01,94,2,False,False
1988-01-01,98,41,True,False
1988-01-01,101,0,True,False
1988-01-01,104,5,False,False
1988-01-01,109,46,True,False
1988-01-01,111,32,False,False
1988-01-01,113,32,False,False
1988-01-01,116,0,False,False
1988-01-01,117,20,False,False
1988-01-01,118,2,False,False
1988-01-01,121,36,False,False
1988-01-01,122,21,False,False
1988-01-01,126,36,False,True
1988-01-01,130,42,True,False
1988-01-01,132,34,True,False
1988-01-01,136,31,True,False
1988-01-01,137,31,False,False
1988-01-01,139,26,True,False
1988-01-01,140,24,False,True
1988-01-01,144,21,True,False
1988-01-01,145,47,False,True
1988-01-01,155,24,False,False
1988-01-01,157,20,False,False
1988-01-01,158,17,False,True
1988-01-01,159,47,True,False
1988-01-01,161,32,False,True
1988-01-01,162,26,False,False
1988-01-01,164,42,False,True
1988-01-01,165,38,True,False
1988-01-01,166,17,False,False
1988-01-01,167,2,True,False
1989-01-01,54,24,False,True
1989-01-01,64,21 24,False,True
1989-01-01,76,5,False,False
1989-01-01,77,43,False,False
1989-01-01,83,33,True,False
1989-01-01,87,47,True,False
1989-01-01,89,41,True,False
1989-01-01,91,44 46,False,True
1989-01-01,93,17,False,False
1989-01-01,94,5,True,False
1989-01-01,98,38,True,False
1989-01-01,101,0,False,False
1989-01-01,102,32,False,True
1989-01-01,104,24 32,True,False
1989-01-01,108,44,False,True
1989-01-01,109,34,True,False
1989-01-01,111,32,False,False
1989-01-01,113,32 38,False,False
1989-01-01,116,0,False,False
1989-01-01,117,20,False,False
1989-01-01,118,2,False,False
1989-01-01,121,36,False,False
1989-01-01,122,2,True,False
1989-01-01,126,36,False,False
1989-01-01,128,26,False,True
1989-01-01,130,33,True,False
1989-01-01,132,34,False,False
1989-01-01,133,41,False,True
1989-01-01,136,31,False,False
1989-01-01,137,31,False,False
1989-01-01,138,21,False,True
1989-01-01,139,44,True,False
1989-01-01,144,21,False,False
1989-01-01,145,47,False,False
1989-01-01,146,17,False,True
1989-01-01,147,42 46,False,True
1989-01-01,150,20,False,True
1989-01-01,155,24,False,False
1989-01-01,156,46,True,False
1989-01-01,157,20,False,False
1989-01-01,158,17,False,False
1989-01-01,159,43,True,False
1989-01-01,160,46,False,True
1989-01-01,161,41 46,True,False
1989-01-01,162,26,False,False
1989-01-01,163,38,False,True
1989-01-01,164,42,False,False
1990-01-01,54,24,False,False
1990-01-01,64,31,True,False
1990-01-01,76,0,True,False
1990-01-01,77,26,True,False
1990-01-01,80,17 34,False,True
1990-01-01,87,32,True,False
1990-01-01,89,21 42,True,False
1990-01-01,91,41,True,False
1990-01-01,93,17,False,False
1990-01-01,94,5,False,False
1990-01-01,98,38,False,False
1990-01-01,100,33,False,True
1990-01-01,101,0,False,False
1990-01-01,102,32,False,False
1990-01-01,104,20,True,False
1990-01-01,108,44,False,False
1990-01-01,109,34,False,False
1990-01-01,111,26,True,False
1990-01-01,113,38,False,False
1990-01-01,116,5,True,False
1990-01-01,117,31,True,False
1990-01-01,118,2,False,False
1990-01-01,121,40,True,False
1990-01-01,122,2,False,False
1990-01-01,126,40,True,False
1990-01-01,128,43,True,False
1990-01-01,130,33,False,False
1990-01-01,132,20,True,False
1990-01-01,136,21,True,False
1990-01-01,137,24,True,False
1990-01-01,138,34,True,False
1990-01-01,139,44,False,False
1990-01-01,144,21,False,False
1990-01-01,145,20,True,False
1990-01-01,146,17,False,False
1990-01-01,147,33 44,True,False
1990-01-01,148,42,False,True
1990-01-01,149,45,False,True
1990-01-01,150,31,True,False
1990-01-01,151,45,True,False
1991-01-01,29,16 21,False,True
1991-01-01,54,5,True,False
1991-01-01,56,31,False,True
1991-01-01,64,31,False,False
1991-01-01,69,16,False,True
1991-01-01,76,0,False,False
1991-01-01,77,39,True,False
1991-01-01,80,5 17,False,False
1991-01-01,83,33,False,False
1991-01-01,86,33,False,True
1991-01-01,87,25 32,False,False
1991-01-01,89,16 17 21,False,False
1991-01-01,90,40,False,True
1991-01-01,91,16 32,True,False
1991-01-01,93,17,False,False
1991-01-01,94,2,True,False
1991-01-01,98,35 38,False,False
1991-01-01,99,26,False,True
1991-01-01,101,0,False,False
1991-01-01,102,25 32,False,False
1991-01-01,104,28,True,False
1991-01-01,108,34,True,False
1991-01-01,109,16,True,False
1991-01-01,116,5,False,False
1991-01-01,118,2,False,False
1991-01-01,119,38,False,True
1991-01-01,121,40,False,False
1991-01-01,122,26,True,False
1991-01-01,126,40,False,False
1991-01-01,127,39,False,True
1991-01-01,128,35 38,True,False
1991-01-01,130,24,True,False
1991-01-01,132,28,True,False
1991-01-01,136,21,False,False
1991-01-01,137,24,False,False
1991-01-01,138,34,False,False
1991-01-01,139,28 38,True,False
1991-01-01,140,31,True,False
1991-01-01,141,41,False,True
1991-01-01,142,31,False,True
1991-01-01,143,41,False,True
1992-01-01,29,21,False,False
1992-01-01,54,5,False,False
1992-01-01,56,31,False,False
1992-01-01,64,31,False,False
1992-01-01,69,17,True,False
1992-01-01,70,33,False,True
1992-01-01,76,0,False,False
1992-01-01,77,5,True,False
1992-01-01,78,32,False,True
1992-01-01,80,17,True,False
1992-01-01,83,21,True,False
1992-01-01,87,28,True,False
1992-01-01,89,37,True,False
1992-01-01,90,36,True,False
1992-01-01,91,32,False,False
1992-01-01,93,34,True,False
1992-01-01,94,2,False,False
1992-01-01,98,35,False,False
1992-01-01,99,26,False,False
1992-01-01,101,0,False,False
1992-01-01,103,17,False,True
1992-01-01,104,28,False,False
1992-01-01,107,36,False,True
1992-01-01,108,34,False,False
1992-01-01,109,24,True,False
1992-01-01,118,2,False,False
1992-01-01,121,5,True,False
1992-01-01,122,26,False,False
1992-01-01,124,36,False,True
1992-01-01,126,16,True,False
1992-01-01,127,33 35,True,False
1992-01-01,128,24,True,False
1992-01-01,129,35,False,True
1992-01-01,130,16,True,False
1992-01-01,131,33,False,True
1992-01-01,134,37,False,True
1992-01-01,135,36,True,False
1993-01-01,21,16,False,True
1993-01-01,29,21,False,False
1993-01-01,54,5,False,False
1993-01-01,55,16,False,True
1993-01-01,56,0,True,False
1993-01-01,64,31,False,False
1993-01-01,68,25,False,True
1993-01-01,69,31,True,False
1993-01-01,70,2,True,False
1993-01-01,76,5,True,False
1993-01-01,78,24,True,False
1993-01-01,82,31,False,True
1993-01-01,83,26,True,False
1993-01-01,86,26,True,False
1993-01-01,87,28,False,False
1993-01-01,90,14,True,False
1993-01-01,93,17,True,False
1993-01-01,99,32,True,False
1993-01-01,101,0,False,False
1993-01-01,103,17,False,False
1993-01-01,104,25,True,False
1993-01-01,108,14,True,False
1993-01-01,109,24,False,False
1993-01-01,110,17,False,True
1993-01-01,111,32,True,False
1993-01-01,116,2,True,False
1993-01-01,117,28,True,False
1993-01-01,118,21,True,False
1993-01-01,119,17,True,False
1993-01-01,120,0,False,True
1993-01-01,121,16,True,False
1993-01-01,122,16,True,False
1993-01-01,123,16,False,True
1993-01-01,124,16,True,False
1993-01-01,125,32,False,True
1994-01-01,13,2,False,True
1994-01-01,21,16,False,False
1994-01-01,29,21,False,False
1994-01-01,43,26,False,True
1994-01-01,48,14,False,True
1994-01-01,49,21,False,True
1994-01-01,54,5,False,False
1994-01-01,55,16,False,False
1994-01-01,56,0,False,False
1994-01-01,62,31,False,True
1994-01-01,64,21 26 31,False,False
1994-01-01,69,31,False,False
1994-01-01,70,2,False,False
1994-01-01,76,5,False,False
1994-01-01,77,5,False,False
1994-01-01,78,24,False,False
1994-01-01,80,28,True,False
1994-01-01,82,31,False,False
1994-01-01,83,0,True,False
1994-01-01,84,30,False,True
1994-01-01,86,24,True,False
1994-01-01,87,16,True,False
1994-01-01,88,30,False,True
1994-01-01,90,14,False,False
1994-01-01,91,29,True,False
1994-01-01,92,30,False,True
1994-01-01,93,17,False,False
1994-01-01,94,2,False,False
1994-01-01,97,32,False,True
1994-01-01,99,32,False,False
1994-01-01,100,30,True,False
1994-01-01,101,2,True,False
1994-01-01,102,26 31,True,False
1994-01-01,103,28,True,False
1994-01-01,104,17,True,False
1994-01-01,105,32,False,True
1994-01-01,106,30,False,True
1994-01-01,107,29,True,False
1994-01-01,108,14 21,False,False
1994-01-01,109,14 16,True,False
1994-01-01,110,30,True,False
1994-01-01,111,0 32,False,False
1994-01-01,112,31,False,True
1994-01-01,113,32,True,False
1994-01-01,114,32,False,True
1994-01-01,115,26,False,True
1995-01-01,13,2,False,False
1995-01-01,21,16,False,False
1995-01-01,29,21,False,False
1995-01-01,43,26,False,False
1995-01-01,48,14,False,False
1995-01-01,49,30,True,False
1995-01-01,54,5,False,False
1995-01-01,55,16,False,False
1995-01-01,56,0,False,False
1995-01-01,62,24,True,False
1995-01-01,63,27,False,True
1995-01-01,64,21,False,False
1995-01-01,68,17,True,False
1995-01-01,70,2,False,False
1995-01-01,75,0,False,True
1995-01-01,76,5,False,False
1995-01-01,78,24,False,False
1995-01-01,80,28,False,False
1995-01-01,82,17,True,False
1995-01-01,83,26,True,False
1995-01-01,84,29,True,False
1995-01-01,85,29,False,True
1995-01-01,86,0,True,False
1995-01-01,87,26,True,False
1995-01-01,88,28,True,False
1995-01-01,89,27,True,False
1995-01-01,90,14,False,False
1995-01-01,91,29,False,False
1995-01-01,92,30,False,False
1995-01-01,93,17,False,False
1995-01-01,94,0,True,False
1995-01-01,95,14,False,True
1995-01-01,96,28,False,True
1995-01-01,97,29,True,False
1995-01-01,98,24,True,False
1996-01-01,13,0,True,False
1996-01-01,20,17,False,True
1996-01-01,21,16,False,False
1996-01-01,29,5,True,False
1996-01-01,34,2,False,True
1996-01-01,43,26,False,False
1996-01-01,48,14,False,False
1996-01-01,49,28,True,False
1996-01-01,54,21,True,False
1996-01-01,55,5,True,False
1996-01-01,56,0,False,False
1996-01-01,57,17,False,True
1996-01-01,62,24,False,False
1996-01-01,63,26,True,False
1996-01-01,64,14,True,False
1996-01-01,68,27,True,False
1996-01-01,70,2,False,False
1996-01-01,72,28,False,True
1996-01-01,76,21,True,False
1996-01-01,78,24,False,False
1996-01-01,82,17,False,False
1996-01-01,83,16,True,False
1996-01-01,84,27,True,False
1996-01-01,85,17,True,False
1997-01-01,13,0,False,False
1997-01-01,14,17 19,False,True
1997-01-01,20,16,True,False
1997-01-01,21,23,True,False
1997-01-01,22,16,False,True
1997-01-01,24,21,False,True
1997-01-01,29,5,False,False
1997-01-01,34,2,False,False
1997-01-01,43,19,True,False
1997-01-01,48,2,True,False
1997-01-01,49,24,True,False
1997-01-01,54,21,False,False
1997-01-01,55,5,False,False
1997-01-01,56,0,False,False
1997-01-01,57,17,False,False
1997-01-01,62,24,False,False
1997-01-01,63,20,True,False
1997-01-01,64,14,False,False
1997-01-01,70,20,True,False
1997-01-01,72,25,True,False
1997-01-01,74,19,False,True
1997-01-01,75,23,True,False
1997-01-01,76,21,False,False
1997-01-01,77,14,True,False
1997-01-01,78,17,True,False
1997-01-01,79,25,False,True
1997-01-01,80,14,True,False
1997-01-01,81,14,False,True
1998-01-01,13,0,False,False
1998-01-01,14,19,False,False
1998-01-01,20,21,True,False
1998-01-01,21,23,False,False
1998-01-01,22,16,False,False
1998-01-01,24,21,False,False
1998-01-01,29,5,False,False
1998-01-01,34,2,False,False
1998-01-01,43,19,False,False
1998-01-01,48,2,False,False
1998-01-01,49,23,True,False
1998-01-01,54,14,True,False
1998-01-01,55,5,False,False
1998-01-01,56,0,False,False
1998-01-01,62,20,True,False
1998-01-01,63,20,False,False
1998-01-01,64,14,False,False
1998-01-01,67,24,False,True
1998-01-01,70,16,True,False
1998-01-01,72,24,True,False
1998-01-01,73,17,False,True
1998-01-01,74,17,True,False
1998-01-01,75,23,False,False
1999-01-01,13,0,False,False
1999-01-01,14,19,False,False
1999-01-01,20,21,False,False
1999-01-01,21,23,False,False
1999-01-01,22,2,True,False
1999-01-01,24,21,False,False
1999-01-01,29,5,False,False
1999-01-01,34,15,True,False
1999-01-01,36,20,False,True
1999-01-01,40,15,False,True
1999-01-01,43,19,False,False
1999-01-01,47,17,False,True
1999-01-01,48,16,True,False
1999-01-01,54,14,False,False
1999-01-01,55,5,False,False
1999-01-01,56,0,False,False
1999-01-01,62,5 15,True,False
1999-01-01,63,14,True,False
1999-01-01,64,23,True,False
1999-01-01,67,20,True,False
1999-01-01,68,17,True,False
1999-01-01,69,2,True,False
1999-01-01,70,16,False,False
1999-01-01,71,17,False,True
2000-01-01,1,19,False,True
2000-01-01,13,0,False,False
2000-01-01,14,16,True,False
2000-01-01,17,2,False,True
2000-01-01,20,21,False,False
2000-01-01,21,5,True,False
2000-01-01,22,2,False,False
2000-01-01,24,21,False,False
2000-01-01,29,5,False,False
2000-01-01,34,15,False,False
2000-01-01,36,20,False,False
2000-01-01,40,15,False,False
2000-01-01,47,17,False,False
2000-01-01,48,16,False,False
2000-01-01,49,20,True,False
2000-01-01,53,18,False,True
2000-01-01,54,19,True,False
2000-01-01,55,18,True,False
2000-01-01,56,0,False,False
2000-01-01,59,17,False,True
2000-01-01,62,14,True,False
2000-01-01,63,14,False,False
2000-01-01,64,18,True,False
2001-01-01,1,14,True,False
2001-01-01,3,17,False,True
2001-01-01,7,14,False,True
2001-01-01,13,0,False,False
2001-01-01,14,16,False,False
2001-01-01,17,21,True,False
2001-01-01,20,21,False,False
2001-01-01,21,5,False,False
2001-01-01,22,2,False,False
2001-01-01,29,5,False,False
2001-01-01,30,2,False,True
2001-01-01,34,15,False,False
2001-01-01,36,18,True,False
2001-01-01,40,16,True,False
2001-01-01,43,15,True,False
2001-01-01,48,16 19,False,False
2001-01-01,49,20,False,False
2001-01-01,53,18 19,False,False
2001-01-01,54,16 19,False,False
2001-01-01,55,18,False,False
2001-01-01,56,0,False,False
2001-01-01,57,17,False,False
2001-01-01,58,20,False,True
2001-01-01,59,19,True,False
2001-01-01,60,19,False,True
2001-01-01,61,17,False,True
2002-01-01,1,14,False,False
2002-01-01,7,0,True,False
2002-01-01,10,16,False,True
2002-01-01,12,14,False,True
2002-01-01,13,0,False,False
2002-01-01,14,3,True,False
2002-01-01,16,17,False,True
2002-01-01,17,3,True,False
2002-01-01,18,17,False,True
2002-01-01,20,16,True,False
2002-01-01,21,5,False,False
2002-01-01,22,2,False,False
2002-01-01,29,5,False,False
2002-01-01,30,2,False,False
2002-01-01,34,15,False,False
2002-01-01,36,18,False,False
2002-01-01,43,15,False,False
2002-01-01,48,14 20,True,False
2002-01-01,55,18,False,False
2002-01-01,58,20,False,False
2002-01-01,61,17,False,False
2002-01-01,62,6,True,False
2002-01-01,65,6,False,True
2003-01-01,1,14,False,False
2003-01-01,3,3,True,False
2003-01-01,7,0,False,False
2003-01-01,10,15,True,False
2003-01-01,13,0,False,False
2003-01-01,14,3,False,False
2003-01-01,16,18,True,False
2003-01-01,17,15,True,False
2003-01-01,20,16,False,False
2003-01-01,21,5,False,False
2003-01-01,22,2,False,False
2003-01-01,29,5,False,False
2003-01-01,30,2,False,False
2003-01-01,34,15,False,False
2003-01-01,41,18,False,True
2003-01-01,42,6,False,True
2003-01-01,43,6,True,False
2003-01-01,46,16,False,True
2003-01-01,47,2,True,False
2003-01-01,48,14,False,False
2003-01-01,49,17,True,False
2003-01-01,50,17 18,False,True
2003-01-01,51,16,False,True
2003-01-01,52,17,False,True
2004-01-01,1,16,True,False
2004-01-01,3,3,False,False
2004-01-01,7,0,False,False
2004-01-01,9,16,False,True
2004-01-01,10,15,False,False
2004-01-01,12,14,False,False
2004-01-01,13,0,False,False
2004-01-01,14,3 6,False,False
2004-01-01,16,18,False,False
2004-01-01,17,15,False,False
2004-01-01,20,14,True,False
2004-01-01,21,5,False,False
2004-01-01,22,2,False,False
2004-01-01,29,5,False,False
2004-01-01,30,2,False,False
2004-01-01,31,18,False,True
2004-01-01,34,3,True,False
2004-01-01,40,6,True,False
2004-01-01,41,2,True,False
2004-01-01,42,6,False,False
2004-01-01,43,6,False,False
2004-01-01,44,16,False,True
2004-01-01,45,17,False,True
2004-01-01,46,17,True,False
2004-01-01,47,2,False,False
